backend,mode,prompt,generated_compression_bpb,copy_span_max,copy_span_mean,copy_span_median,copy_run,overlap_4gram,overlap_8gram,overlap_16gram,overlap_32gram,overlap_64gram,novel_8gram,novel_16gram,novel_32gram,self_rep_8,distinct_4,utf8_valid,utf8_invalid_sequences,utf8_chars,utf8_repl_chars,status,note
deflate,equal_compute,"ROMEO:
",1.46875,17,7.62890625,7.0,17,0.8102766798418972,0.4738955823293173,0.03734439834024896,0.0,0.0,0.5261044176706827,0.9626556016597511,1.0,0.03614457831325301,0.9011857707509882,1,0,256,0,ok,
deflate,equal_compute,"JULIET:
",1.53125,32,8.578125,7.0,32,0.8458498023715415,0.4859437751004016,0.1037344398340249,0.0044444444444444444,0.0,0.5140562248995983,0.8962655601659751,0.9955555555555555,0.008032128514056224,0.9011857707509882,1,0,256,0,ok,
deflate,equal_compute,__mean__,1.5,24.5,8.103515625,7.0,24.5,0.8280632411067194,0.4799196787148594,0.07053941908713693,0.0022222222222222222,0.0,0.5200803212851406,0.9294605809128631,0.9977777777777778,0.022088353413654616,0.9011857707509882,1.0,0.0,256.0,0.0,ok,
deflate,equal_search,"ROMEO:
",0.96875,32,13.390625,12.0,32,0.8893280632411067,0.7108433734939759,0.3900414937759336,0.0044444444444444444,0.0,0.28915662650602414,0.6099585062240664,0.9955555555555555,0.13654618473895583,0.8181818181818182,1,0,256,0,ok,
deflate,equal_search,"JULIET:
",1.0,34,12.28515625,10.5,34,0.8735177865612648,0.678714859437751,0.2946058091286307,0.017777777777777778,0.0,0.321285140562249,0.7053941908713692,0.9822222222222222,0.14457831325301204,0.8063241106719368,1,0,256,0,ok,
deflate,equal_search,__mean__,0.984375,33.0,12.837890625,11.25,33.0,0.8814229249011858,0.6947791164658634,0.34232365145228216,0.011111111111111112,0.0,0.30522088353413657,0.6576763485477178,0.9888888888888889,0.14056224899598393,0.8122529644268774,1.0,0.0,256.0,0.0,ok,
